title,rating,snippet,label
Francesca Ashley Inguito,1,awful dialogue character story long take lantern rite archon mavuika debut honestly baffle time list flaw opinion focus opinion talk opinion chinese player side design natlan design example chasca fit culture natlan not fit,0
Ikmal Hariz,5,manyak bagus la like cuma pls cepat kan sikit download overall think 9.8/10,1
Luna,5,good,1
Mohamad Indra N.,1,lack skip button main reason quit convert wuwa irritate humongous yapping fest quest dogshit story dialogue recycle animation time consume infuriate wanna player pay attention story good story engage storytelling instead boring yapping fest force player return game stick wuwa add,0
Elizer Vaxter,1,like capitano male gay,0
Isabella Castl,1,play chromebook irritating,0
ʀɛʏʐʏ ɴᴏᴛᴜʀᴛʏᴘᴇ.,1,suck rng,0
Fernanda Solis Fuentes (ʚstarsrequiemɞ ꨄ),1,money you capitano playable,0
artik5552,1,basically sum game waste time tricksteri hoyoverse respect hard earn primogems.they want spend money waste 50 k gem 50/50 system like spend gem want hey noo spend more!lose 50/50 unneeded stuff will need go weapon banner character banner play game good,0
Полина Подъячева,1,игра параша,0
Craftsman Tool,5,want father,1
Blob,1,put new character half give reward half absolutely greedy disgusting,0
Harsh Gupta,3,graphic stunning sure understand play instruction clear,1
مصعب,5,good,1
Starriboo,5,game fun new update fun new updaye natlan m pleased fun hiw give player hope bext region(s profit natlan especially ftp player,1
Calynn CJ,5,love game mother introduce 2023 neuvillete banner ve obsess 10/10 graphic 10/10 character design 10/10 lore 10/10 gameplay,1
Jasin,5,touch coco melon,1
Lehakoe,4,genshin impact fun game love,1
anthimaria07 /ᐠ。ꞈ。ᐟ\,1,wriothesley,0
Shupty Chowdhury,5,good game,1
Samridhi Pradhan,5,loooove love,1
Lina Malatji,5,genshin soooooo good co op mode talk npc ok cause soooooo fun,1
Adem Zaghdoudi,5,esteemed hoyoverse team warm greeting passionate fan exceptional game arabic speak player like kindly request consider add arabic support language game interface translation arabic hold significant global position 400 million speaker large community arab player love enjoy game add arabic attract arab player enhance game,1
Amirreza Emami,5,perfect graphic,1
Kakan Kanti Barua,2,need archon quest skip option,0
Abood,5,,1
Emmanuel Rosado,1,tell content creator play wuthere wave cause want competition bad look understand people enjoy genshin people enjoy wave wrong maybe game well fan lose reason genshin player switch prefer wuthering wave competition suppose push well weak beg people play lackluster game,0
Larc Moore,5,fun,1
Selina Vishnar,1,star like source complete say manage storage progress stop frustrating like small storage take half storage pls,0
Harsh Kumar,5,exceptionally good snapdragon 695 play game 30fps high setting,1
Jeremmy Xaviere,5,word perfect,1
Gucci,5,pretty god game play thank amazing game feel,1
cary waltonjr.,5,fun,1
Yash Kumar,5,like game well open world game till mobile f2p primos real boss,1
Kayra Alp Köksal,5,good,1
Adrian Muu,5,enjoy game embark adventure bring smile face journey fill delightful discovery challenge present unique opportunity learn grow find captivate immersive world overall experience truly enjoyable,1
Terry Watts,5,good game play,1
Naziya Amjad,5,good story game play,1
Ericcris Gonzaga,5,good,1
Anuj Prajapat,5,good,1
prosier Laval,5,obsess gameee,1
Ash Din,1,enemy lvl 90 quest echo nice lol bro pls use brain,0
Thomas Paul,5,noice,1
Suraj Dagla,1,game size big,0
datinmanis bersemut,5,like animation game.thank make game,1
SALAR LD Besfki,5,love game capitano,1
Dionesio Zarate,5,genshin account,1
Imran Mod,5,love gambling cool story graphic,1
Tabasom Kiani,5,بهترین بازی دنیاا واقعا خیلی خوبه هرکی بازیش نکنه از دنیا عقبه,1
Jazzy Light,1,phone download problem everytime try download computer work untill compile shader stop 13 time kick matter will work,0
erenjaeuwus,3,ve play new year 2021 love game pretty fun rng atrocious long dialogue lack animation awkward world quest voice natlan cool 80 fanbase expect feel colorful region war fontaine perfect game dear heart genuinely believe well feel like chore play everyday feel annoying play,1
Kartheek Vishal Reddy,5,good game play stunning visual amazing world build good story downside use offline great atleast internet,1
Oscar P,1,lie give away stuff say go away say lie hard game say,0
Shivam Kumar,5,love game,1
Sagar Narayan,1,know game like controller support,0
Aila Gatuz,5,good game play great story smooth graphic beautiful scenery course cute voice paimon hehe,1
Dalko,5,cool,1
Noire,5,good,1
Nicolas,5,genshin fav game,1
eimiel valencia,5,exciting game,1
Pratikhit piyush Sahu,5,lovely game find lag quickly,1
Minhaz Rafi,5,fantastic game love,1
Akshay Hirve,4,yappin,1
Aatish Saawan,5,bhai game consume large net game nice fantastic love game storyline amazing,1
Margaret Endin,4,love game thing download resource long,1
Lathamurugan balamurugan,5,love,1
romeo pangan,5,good quality,1
Francis Mbogo,5,good game,1
Jon,2,great dialogue think annoy long wind dialogue play game read word feel like job like hey traveler need blah blah blah locate x location item come npc say ty reward think twice week boss battle restrictive specific reward day domain frustrating,0
Liba Khan,5,hey hoyoverse love game addictive thing co op able search friend user instead uid lose close friend copy uid struggle find user apoorva bio aakash find email thank read,1
Raghu RR,4,definitely 5 game hope genshin generous thank character,1
sweep,1,dedicate 9 month life game particular reason hate play probably come future update warning new player play story uninstall not mess cringey game team stay away far,0
Thunder Muffin,5,happy lantern rite,1
bakin rime,4,,1
Zoren L,1,difficult switch account logout button ps5,0
Michi Lee,1,love kazuha edit yeah game ruin hoyo dissapointed thank ruin game ur fanservice oh gae ship like tell act fanservice homophobic player love game ya'll lose lot player natlan,0
Game master,4,game great mechanism allow gift drop player consider update thank,1
Nooru Shifa,5,word love game,1
Muhammad Rismanda,1,genshin impact greedy impact,0
Panji Martiandaru,2,ok game play casually spend money worth gorgeous design gorgeous music end game mode repetitive little variation gacha system annoying heavy device potato phone well try qol improvent ask player hoyoverse game instead cough*hsr*cough implement cost like want player good thing extract high cost,0
Akbope Saktagan,4,прикольно только минус личная жизнь,1
Hussain Taiyab,3,good game bug cup common find cup common acc like address issue long time find cup common,1
Severus Snape,5,good game officially live,1
Anna Isaac,5,play good,1
Aneal “RUFFCUTT” Williams,5,great open world game definitely worth check,1
佐味,5,play release friend way care ´ ∇｀,1
Jonathan Da Explorer,5,love hoyo live love kavehtham,1
Alex Salgado,5,keep entertain hour hour,1
Mariam Reda,4,genshin honestly great game issue point firstly extra long dialogue quest skip basically listen character yap 5 min secondly offline option play solo need like 20 gb download game 8 gb update annoying lastly game take lot time hard 5 star want f2p player,1
Maria Guerra,1,game genshin fan love thing come life game music character story align thing real world culture natlan feel come go window character come represent actual culture upsetting assume play game hope issue solve,0
Sharman Singh,5,amazing adventure game love,1
Hendry S,2,give spiral abyss 12 chamber 2 part2 tenebrous papilla quit play game need pull natlan character overall game good tenebrous papilla come abyss,0
Dan 15h,5,use cloud,1
Tata,1,3d action game have text visual novel crazyyyy vn let skip text,0
IMESH LAKSHITHA,5,trust game right literally good opw game play mobile yeah dose painfull storage memory worth play genshin totally f2p friendly game not need topup money complain genshin need fix skip button dialogue dialogue long paimon pain player ik know little story thank dialogue not forget,1
Carvel Javier Haryanto,5,good,1
Manatsu,1,credit game change gacha market time change glory day guess matter blind loyal fan play d.s game,0
Gabriel Calderon,3,love game man good game play long dialogue add skip button chat log button want come think cause see similar comment tiktok pls acknowledge love game,1
Nita Sak,5,game nice wonderful know furina die cry end game die deserve,1
Vladimir Nmiku,5,impressive mobile game,1
Grey Valen,1,long support game toxicity creator desire control say creator go far game struggle inferior new title normally issue enjoy value playing game company minimum pretend care player creator long hoyoverse remember honkai impact 3rd day care player like competitor,0
kneecappjr _,5,fun game lot like botw totk different style gameplay,1
Hi Yusf,5,add skip button,1
Daniel Wisler,5,rly fun addict,1
Maryono Lambe,5,good,1
Mivec Pzul,5,good game hoyo monstad look awesome,1
Jorgie Perez,1,create newly account loading screen take forever process kick time genshin impact cloud run nicely actually make process,0
dffMOG,5,good beautiful,1
hack tube2021,5,good mission like time have open world game u explore fight creature hangout cook eat u imagine good experience far smooth solid 5 star commentary,1
Marcayla Faith (Faith),1,download game 2 day delete storage,0
Patrick Sousa,5,excelente jogo,1
Pazong Lee,5,give 5 star love character attention love tartaglia s cool,1
Cindy Rood,5,nice,1
Princejed Pascual,5,game fire,1
iyn lexter dean,5,love game,1
Ferdy Yanto,5,good adventure game quest complete choose mossion want clear run good device good thing cross save feature play genshin travel continue ps5 save 5/5 star,1
Sirin Doss,5,good game world fantastic character new character available striking story character love effort make primo storage toke 32 gb care deserve m wait lantern rite give 30 free pull 1 free character liyue 5stars weapon new character citlali mavuika amazing character clorinde allerchino m wait update,1
Eden,5,amazing 10 10 find game like truly immerse,1
Vxlume,1,wuwa well,0
Harry,3,nice lag,1
Nicole Mcgill,5,good game,1
Carlos Peña,5,definitely good game mobile sure recommendation world discoverer old school gamer,1
Red Strike,5,игра лучшая,1
ninokaka,5,genshin impact game like good love hoyo game,1
Яiи,1,اتركوها لله,0
Mousumi Akther,5,nice game hope mavuika,1
Marcus Plummer,5,fun favorite game levveling weapon 90 take alot enhancement ore 2 3 day acsend weapon 80/90 like week+ ascend s 5 star,1
Houston Roberts,5,good game,1
Ananda molen (Molen),4,sekarang bisa tetapi di komputer baguss meskipun kikir sih-,1
Sarvin Nv,5,beautiful play,1
Gage Lippolt,5,gameplay enticing great job provide opportunity explore learn system incredibly charming art character,1
Sylvia McManus,5,amazing story game fun play,1
Monica Enaworu,5,ilove game,1
Dirizia Nunya,1,genshin kinda fall natlan uninteresting guess wait snezhnaya,0
Norman Paulo,1,uninstalle game 4 yr hoyo hate game lol qol game pay walled region lock player appreciate important milestone exploration nightmare story imo shallow uninspired devs hoyo listen feedback finally cure sink cost fallacy prevent quit thank suck hoyo thing wuthere wave well genshin,0
Graduate gamer,5,fun,1
BlackOps Tenshi,1,game fun dev listen community fan community toxic,0
Nurah Everts,5,game good amazing probably good game play far,1
Sapan Shaikh,5,good game world,1
AlineBonyss Whatever,5,absolutely amazing gameplay great story awesome think connect like story baise game tho way clear story main focus,1
Hell takes The Wheelie,1,look bro good world build lore release betray female player like stick 1:2 male female ratio cool stick pay anymore ask refund screw cn incel worship company,0
Amelia Barker,5,love <3,1
Velvette,5,play day love lose count day wake early play love game tho wish update glider experience like mountain character good climb die food revive wanna go forth god alive climb ask way fly higher glider ok,1
Salma Intissar,1,know enter game hard load slow want use dad email try work 1 star,0
Evans,2,will download resource game download space will start download resource,0
Sandeep Singh,5,nice game,1
Rekha Parghi,5,game perfect,1
Cece Dede,5,love genshin impact play genshin like july 2022 day life well 4 genshin account play account 1 server america 1 acc asia 1 acc europe 2 acc america,1
Glads,5,love open world game genshin spot fun quest fight super cool boss unlock story think problem good storage game game recommend action fill customize player,1
Zelda,4,irs pretty goof problem tooo heavy abd phone crash play update make bad bur pretty good,1
Sayandip Dutta,5,good adventurous gameplay,1
Китайская мудрость,5,замечательная игра прекрасный сюжет запоминающиеся персонажи идиальная графика донаты не важны без них играется прекрасно а озвучка просто нечто,1
PRABHA SIVABALAN,5,pretty good,1
Virtuous Direction,1,edit ruin fomo gatcha addictive practice shamelessy plagiarise game medium respect player time story hit miss.(miss time)they know story tbh greed curroupte game company ceo cry crocodile tear fool listen player old review- incredible music,0
Thiri May,5,sooooo good play,1
Yvonne Taylor,5,play phone want turn ps4 fun story telling point different character exit learn help escape reality,1
Danya Loera,3,love game pretty recently start play quickly obsessed issue storage quickly run update linger fear phone long able pc gaming console support game mobile hate quit second feel like character disappoint bit compare hoyo game,1
Jason Taliercio,1,take long time install play it.that 1 star,0
Rineiraka Dokja,1,reason game reset loading screen download ipad rm fr download resource get storage wts help w man swear download wuwa instead,0
Ashmadeep Rana,2,rest peace guy,0
Omar Sharawy,4,game good graphic quest story character look soo good tall quest boring good reward sooo annoying like 3 hour quest 40 primogem yap soooo try good unimportant quest important one overall good,1
John Andrey (Gizzy),5,game nostalgic relaxing peaceful,1
Bxone Pyae28,5,good game,1
Rubeena Kp,5,cool story base good graphic,1
Josh Walter Raymundo,5,awesome,1
Elations Fool,5,game good natlan breath fresh air,1
Social Life,1,girl,0
Amber,1,okay start storage take ridiculous use able play fontaine update storage big download delete phone play pc fair player device play single game wonder player leave sort,0
Yennis,2,game offer amazing view good exploration good device rich pull exploration mechanism lock limited character kit game generosity absolutely outrageous day barely able farm single pull 0 year 5.0 update finally decide free 5 star character game year new animation heck lip scyn,0
Oracle Plays,1,4 year genshin proper qol heck android controller support hate hate game help pandemic repetitive process tediousness game feel like genshin devs feel tone deaf want retain player well qol allow player obtain 5 star char skin grind game feel reward,0
Zizi,1,game pelit kikir ngasih bansos dikit doang gb doang gede tapi kikirnya minta ampun game jelek setidaknya gacha rate nya naikin lah klo kikir susah banget lagi farmingnya ini gw kasih bintang 1 karena kasian padahal pengennya mah bintang 0 soalnya ni game jelek banget kikir lagi karakter nya juga bajunya terlalu terbuka banyak gooner game fanservice katanya bapaklu fan service benerin game kikir lu hoyo kesel banget mainnya gw udah farm ampe muak gacha sekali ga dapet apa apa,0
Lucky Clover,5,honestly great game alot thing story quest tend boring,1
Angelo Cabeza,4,love game time play smooth high medium have little heat enjoy zzz,1
Dylan,4,fun grind worth,1
Mohammed Shameer,5,game absolutely phenomenal gameplay characters.all thing incredibly perfect.the story masterpiece.i rate game 10/10 everything.i think able create awesome game,1
Try It,1,game suck,0
Rukh Sana,3,good time download,1
Arush Joshi,5,think game nerd surprise good game play,1
Zyrus Kent Alpuerto,1,see mavuika post facebook literally feel disgusted,0
SILVERNIGHT GAMER,5,like game,1
Teaza Teapelli,5,good game,1
Temenuzhka Mitkova,5,good experience,1
Teresa Maura,1,game lose charm recently devs suck,0
Kristine Dela Cruz,5,love game receive birthday cake genshin wahhh,1
Suman Kole,4,good game good storyline artifact bad everytime pls fix pls,1
Lucia Maillard,5,amazing see good cool,1
Dania,5,absolutely love game graphic story fire good work,1
minnie,3,beautiful game amazing graphic storyline amazing natlan use improvement know play oneplus phone lag attack damage number reason hope improve,1
zedrick bayogos,5,game pretty good amazing graphic character increase level monster hard beat love game,1
Malaysia Mamigi,5,like,1
Abdullah Riaz,5,hate love game time deserve 10 star 5,1
Madhu Chakravarthy,4,good game.it kind give rpg vibe,1
Yuri Vermilion,1,buff venti nerf kazuha,0
neethi regi,5,literally play build environment kudo world builder designer,1
MK MR,1,email customer service help bring account plss fix happen player log security risk,0
Kasacchi,1,feel disappointed lot natlan update break good view game expectation fulfil game player feedback seriously biased complaint new fly character old relevant flexibility new plan leave game update thankyou accompany 4 year,0
Tono Yeptho,5,great game edit want shenhe rerun,1
Masbate Japheth,3,kalmahan nio naman mga update di na kinaya ng device ko yun lang mwehehehehhehehe,1
Agnes Colde,5,amazing,1
Olivia Garn (Livi),5,fun tbh great friend play,1
resident_ 0701,3,good game add controller support,1
S Thishananth,5,,1
Ahmad Haneef Mohd Salleh,5,maybe newbie game litteraly good well boring travel dungeon game good,1
Salahudinzakir Ayub,5,mobile open world game,1
Fazeel Faisal,5,real game mobile,1
ali aa,5,عالی,1
Khalifa Amaly rahim,5,soo fun play especially co op play friend,1
Andrew Murray,2,fighting fun majority time stick boring tedious dialogue play value time,0
sphinx claro,1,kabaho ka coffee19,0
Alena Sri,5,wonderful great amazing game art style perfect wishing good map big wonder character story,1
Arianna Cargill,5,love,1
Kazuma Ryou,3,enjoy game month far game frustrate tap dialogue especially background character hope future add skip button people want play cuz gamestyle gameplay,1
Sanjeet Kumar Singh,5,awesome play everyday atleast 6 hour,1
Ishi Shizuka,3,need skip,1
Abhishek Ram,5,game good good graphic character wepan animation game love,1
Hendro Lauw,5,great game great story lore,1
Game Addict A4,1,guy fix ping issue asia server ping high wifi good fix hoyo,0
Alex Summer,5,good dream game like,1
Ain Natasha,5,use account different device,1
Shadow,4,game special place heart natlan bit dissapointe lack content update personal opinion lack male character qol change need add hopefully change course future,1
Nurul Fatyhaa,1,editor choice,0
Tonmoy Efaz,5,wonderful game see,1
Mr.Sushil FF,5,female character,1
Hazelwynne Robertson,1,enjoy game nathan fan service rhw nathan fit state teyvat lore bland boring design extremely trust well dark skin new character look like bunch night light light skinned honestly game truly heavily fall,0
Danny Dcaprix,5,nice story,1
Muanpuii Tei,5,gb fun,1
litch the slayer,5,funnnnn,1
Zabrynnah Balboa Umali,5,good,1
ARKIT SAHA,5,game good,1
Diya Moni,1,,0
ORiChinA,1,like know percentage chance lose unlucky happen time f2p player,0
Senshi,5,love game favourite thing game listen music literally stay place day listen exploration character story feel good,1
Uje Gilwa Uje Gilwa,1,idk,0
Norman Williams,5,love,1
Matt Aaron Asiong,5,well high storage game play,1
Besuto,3,un jeu merveilleux mais malheureusement ce dernier un gros manque de sécurité beaucoup de joueurs si ce n'est que quelque pourcentage se sont fait pirater leur compte et le support en est incapable de vous le récupérer parce que soi disant des information sont manquante alor que nous faison l'effort de justifier ne soyez pas surpris si cela arrive n'employer pas des mots de passe mais des phrases de passe edit après 3 ans de jeu nonstop j'arrête les dév ne nous écoutent pa,1
A Google user,5,good game,1
ryyn,4,interesting,1
Juju Karboun,5,like game play 2 year,1
Muhab Bassam,5,,1
Sheng Jaramilla,5,well,1
The Radish,1,gotcha game developer care get money player give well game reward incentive player spend real life money predatory meantion quality game arguable especially natlan,0
Ckxy 0811,5,love game sm lag glitch need high internet quality storage mind recommend play pc instead phone perfect quality graphic design amazing story quest design character great wish system little well like honkai star rail overall great character write quest interesting little comedy,1
Pat,5,cool gamee,1
yaser ghasempor,1,chance percentage asura low find item map impossible rare time new season game come game childish simple little excitement game power character low,0
Ken Davao,5,app good ps2 controller option playstation controller option,1
Edy Yuli,5,good,1
galactic storm,5,,1
Kylon Loresca (KDL18YT),5,good game play,1
George Samoilis,5,gorgeous,1
Albert Del Rosario,1,dec 28,0
Ayush Narayan,1,1270 day active honestly game amazing 2020 2022 game go downhill bad update end game content bad story progression bad gacha system story quest lack vas part game good term quality animation scenery combat little go wrong track devs barley reward make hard new character lose 50/50 character constellation dependent,0
Genevieve Requino,5,good game quality good story archon nice recommend play olny problem storage need good quality phone play game,1
ikki kurogane,5,wow,1
Egg,5,fun totally,1
Rey Semblante,5,great game graphic amazing storyline great,1
Karin Knightwalker,5,game open map keren,1
Wil Sal,1,mario go to steal liver,0
ABL3KGSG ABL3KGSG,5,hope arabic language add,1
g da.,1,f nerd,0
Jairo Kromosadjah,5,like,1
Hana Palecrimson,5,wonderful game like,1
giovanni Domingo,5,game amazing graphic high beautiful fight scene badass love,1
Nicole (Nick),1,quality game drop story design map maybe schneznahya well quit game,0
ixr_h2,1,plz add arabic language,0
Foxy garcia,2,edit 2022 review app good log long ago log anymore try way keep say check internet internet,0
k yoisaki,1,need freemogem,0
aira,1,game use culture real country inspiration nation game character live say nation game lack diversity despite game want represent country people genuinely enjoy game natlan nation gimmicky noticable high female character reason fanservice making say character lose potential,0
Abdssamad Bentalb,5,peak,1
Akshay S,5,worth bit storage take device,1
Dominique Ryan,5,like,1
fg liti,5,gg game good good,1
*⁀KAITO,1,colorist game devs not care people aso not value playerbase,0
RIN,4,drop mid year 2024 remember excitement play time adventure look forward feel like get want plus way quest little thing drag game special play drop frustrate genshit special,1
One Kid,4,amazing game 1000 hour experience basically story fine combat good open world stunning lot effort start interested game recently new character mechanic play game today combat grind pay basically useful lack content use hoyo,1
Dramana 22,1,new player start play game poor real life representation heavy bearing load game new people look play well play game well result want progressive game,0
scherehazade _,1,turn waifu coomer bait game disguise balanced wide demographic gacha game,0
Delia Blaga-Frunza,5,adventurous game.i like,1
Kyaw Kaung Htet,5,pretty cool,1
Kamal Omar,5,great game,1
Ellje Gjbbons,5,game overall awesome play day love,1
Aaron Borjal,5,yeah,1
Torfan Miz,3,add skip story plzzzzzzzzzzzzzzzz,1
Shan Saifi,5,good game play ponder start play worth play,1
EpicNoovb,1,file size huge,0
sus bus,5,good game help 4th time reinstall reason,1
Arshia Mousavi,5,fabulous art teyvat good thing see thank lot hoyoverse,1
Farha Naaz,5,great okay maybe bit racist,1
angle moon demon,3,play login say account expire enter info correct password wrong like offense game amazing break like week make redo login,1
Fate,5,like,1
Els Ineel,1,game sweaty liking nvr play game,0
ha,1,male character plz plz fanservice tf citlali,0
Annisa Fadhilah,5,pls jgn cepet tamattt,1
Xian Skie,5,game good love new character storyline great wait columbina excited playable hope try game story time consume great,1
Reza Ahmad khany,4,36 gig,1
Filip Kohek,5,good game 10/10 recommend downside game like 30 gigabyte,1
Syafie Khirudin,5,nice game,1
Richard Almazora,1,u copyright zelda breath wild raisist,0
Shiv Tyagi,5,good mobile game see good story good graphic definitely good game try,1
Ammar Alai,5,great jo,1
نیما عزیزی,5,well,1
Abrar Maulana Nawazir,5,dari segi grafis dan gameplay sudah sangat bagus dan fitur yang tersedia sudah lumayan cukup bagus tapi alangkah baiknya jika ditambah fitur pvp dan lebih dikembangkan lagi dalam memudahkan player untuk memasuki game dikarenakan dari beberapa review yang saya lihat dan tonton sere mengalami error cukup sekian terima kasih,1
Amanda Isabelle Tuason,5,noice,1
Jerem0y,5,love game awesome mobile phone,1
Zack,1,genshin impact good open world game mobile early year nowadays game stray good ignore obvious racist problem game gi consistently cater sad lonely group man play game innapropriate reason citlali mavuika example gi bad problem grind,0
Damiane Gegelia,5,coolie,1
abdas Hoseni,5,nice,1
Farhan Pratama,1,honestly storyline sumeru archon quest long,0
Julio Kurnia,5,thank genshin impact soon,1
Ali Fadavi,5,good game mobile,1
Talian,1,stop make annoying enemy,0
Rudy Tjeng,1,challenge ruin hunter keep fly come stay like 5 second fly acsension quest hard die game menu want use training ground like mock m weak change pc m disappointed fix,0
Benecdicta Nwankwo,1,play take time datum download resource,0
Taha Shabani,5,goooooooooood,1
Ice Wallonut,2,terrible boss fight,0
Mohd Azher,4,game nice,1
Hassan Saeed,5,amazing,1
Benny James,4,like game feel pay game feel microtransaction make game irritate love game recommend,1
Shawn Bean,1,like balatro actual gambling,0
Global Dunyo,4,amazing,1
Magi sagar official,5,wow good,1
Elman Moradi,5,love game good story awesome completely finish archon quest get character game awesome,1
Fritz Carmelo Anglo,5,finally new phone play game yess,1
Aisyah Alya,5,losing long,1
Dark soul,1,gamble cute way gambling say random boy comment,0
Tina Pinto,5,good game love alot n love graphic quality genshin,1
Andrew Masters,1,trailer ehere character voice character game mute fact hire americans english voice actor strike character pay not voice waste money game warn,0
Dave Yanga,1,well,0
Abby Fuentes,3,play genshin long time love bit game tell lose flippin account hoyoverse hard work game go vanish see get zhongli account hoyoverse,1
Rubeena Rahman,5,realistic game,1
Faisal,2,add skip button yapping feel,0
nayan,1,game lack content mechanic endgame truly awful management monetizing play till 4.4 think cuz well option move wuwa thousand time well game devs actually listen player genshin exhausting game content purpose milk wallet,0
Reagan Fizer,1,properly rate everytime get screen download stuff kick make sense,0
Ryla Fry,5,good wish customize main character twin,1
bucky99,5,brain fart,1
Vaishudev Hj,5,amazing,1
Claes Capistrano,5,absolutely wonderful game,1
Jason Zenyuren,2,game pay win game farming relic talent asc mat taje forever character stupid gimmick pretty stupid,0
Prem Kumar,5,good game,1
Savannah,5,fun take lot mean lot space,1
Brijesh Ladher,5,op,1
أحمد ابراهيم,5,love game adventurous spirit 7 hour load worth,1
meet vaniya,5,amazing,1
james kyle (jem),5,um like game play old phone buy new phone new phone install game phone android 14 want play game,1
BEĄSŤ SŁÂŸĘR,5,stunning visual world design game boast breathtaking landscape detailed environment vibrant art style draw inspiration anime fantasy engage combat system combat system fast pace dynamic focus elemental reaction chain devastating combo vast diverse open world world teyvat massive fill secret puzzle challenge discover,1
Rohit Biswas,1,rate 0 log birthday birthday cake game mail receive think kind error wate someday send feedback genshin cs crew reply log birthday kept constantly argue log birthday thing app datum usage record genshin prove play game birthday,0
Susan Grg,5,game good,1
Kohei,5,good game play life music gameplay story notch,1
Jenowen Corps,5,love game alot kid see game dream play character scenery story amazing,1
Irshad Hasan,5,good,1
Anshul Meena,5,good game,1
Chaewon Kim,1,overall experience unsatisfactory relax storytelling cliche common uniqueness differentiate story game battle mechanic poorly design pretty feature poorly,0
Heroine Ninna,1,log facebook account hear lot people similar issue guess fix issue,0
Sayan Das,5,nice game love developer lite version game require storage system requirement low end device,1
Vergel Terrible,5,game awesomeness low ping work smooth invite friend world excellent add like voice chat hard communicate chat,1
Jon Thornton,5,addictive game like thing better.1 able completely shut paimon setting paimon 2 limit range sneak quest foe story like follow keijiro track inazuma 3to able stop gain accessibility co op fall like archon quest,1
Aikarion R.,2,break controller support android long guy go to leave break connect phone controller game will detect,0
xhamv.,5,keren,1
Cesar flores,2,controller support android,0
Mei,5,play month tho know build find pretty sun struggle high dmg actually fun cuz like challenge play super easy fight high dmg fun character cute story amazing sumeru fontaine good story grind suffer fun natlan kinda disappoint tho anywyas shenznaya well lot cryo rerun stuff,1
Aminur Rahman,2,love game till dialogue long overwhelming late natlan content stale dialogue quest like location dialogue skip button increasingly boring uninteresting play work schedule d spend freak dialogue get content catch not need hour long dialogue fast pace game consider player little time hand,0
Mr. Maksym,3,time waste big break,1
Noah Aston Caritan,5,nice,1
Jamie-lee Olyn,5,good game complaint,1
Jirum Eyum,5,good,1
Cassie Archon,5,play long omg good game delete phone genshin good gameplay good soundtrack design wish skin good game,1
Simon Aligam,4,experience game think pretty cool remind legend zelda breath wild regret play genshin impact soon,1
Zeljko Petkanic,5,weri fun,1
Guy Moalem (Houku),1,lose gf game,0
Changer,5,graphic well storyline base game templerun like game d hard control mobile d. atm explore game get start addict d lot quest btw,1
Unique Rose,4,wonderful game ful background story thing download take awhile worth wait,1
Jesus Lazcano,5,love remind ofy favorite sword art online,1
DEATHROW GAMING,5,game crash phone play hour 888 + processor fix,1
Kaller XD,1,play redmi pad pro use keyboard mouse game support make game enjoyable support keyboard,0
Garret Boyd,5,great game love play platform,1
Sakura,3,love beautiful amazing character different writing interesting true repetitive character personalitys relatively story skip option annoying 15 min dialogue game character revealing(especially female culturally accurate male character nice push female enought primos,1
M.S. SAEEDI,5,good,1
Jinx Shadow,5,great,1
Crimson Angel,5,5 star,1
Me Only,5,good experience rgb game,1
mehrez mouhamed,5,love game recommend,1
Elvis,5,love genshin sm,1
carline jean mary,5,amazing addicted,1
Rio Duncan,5,good gam3,1
Cassandra Althea Ramos,4,good adventure game lot fun coop play friend fun bug game yeah-,1
Jovana Kuzmanoski,5,adore game sm,1
christine gomis,1,game horrible rasict sexualize female character way,0
Hrishikesh Saju,5,highy recommend world exploration,1
Saikat Saha,5,op,1
S hiki,5,گیم مورد علاقم > >,1
khaled hany,4,good fun play need small talking,1
shishir ahmed,5,love game,1
scratch out,1,play game upto 5.0 uninstalle exam come redownload game strike calculate resource download number 0.50 storage high end device reinstall time able download game resource strike point music background,0
Medy Wayne,5,fun,1
Shrirang Warulkar,5,,1
Elijah Samuel,5,great,1
Mia Vrsaljko,5,love game omggggg,1
HEMANT RATHIYA,5,good game play store,1
joshua barro,5,game beautiful adventure suggest hoyoverse 120fps suggestion thank,1
Ali Nahle,4,want start need rank 16,1
Myko Montero,5,good game play love music charter lore story perfect storage big phone cope anymore,1
Aubrey Lusk,5,love game honesty probably good game style play little get phone get game right away recommend game people like action mix mystery game style 5/5 play nowwww,1
Mikaya Uzumaki,5,join genshin fandom love especially beautiful character problem time try game load fine try screen go black kick game fix issue thank edit thank fix problem able play d,1
Derek Adomokai,5,amazing like 3d anime control,1
Abdul-Aziz Mesias,5,amazing open world experience,1
NatFireFly,5,game entertaining fun lag bug story lore interesting world big highly recommend people search game play bored play,1
Tyler Hickcox,1,represent people dark skin thr game explore different culture crazy,0
Momo lava,1,bore,0
Henry n Aminata Songa,5,love game fun sister play,1
Amirah Gonzales,3,give 3 star play good game get new phone infinix smart 8 pro unable install game compatible phone change compatible device responsible,1
Tora Keren,1,gooner game,0
Raj Kumar Azad,5,awesome experience fantasy game look,1
Uttkarsh Das,5,wau,1
Jasa Bratus,1,ewwwwwwwwww,0
George Tsole,1,controller support honestly play bit buy controller play game like support controller pc android version limit 60 fps phone higher,0
Ornella Vossah messan,4,impossible play apparently file device brand new instal butttt able play brother device solid 4 star,1
Viktorija Zvirble,5,ily,1
Cutie De guzman,1,5 star work phone:<(infinix smart9,0
Avina Abbasnejhad,5,good,1
【Hatto Ryuzaki】ಠ_ಠ,1,plz stop lose 50/50 ur game promise win 50/50 banner early low pity start treat let character weapon desire pull beg stop greed player,0
Iliya Haraty,5,good,1
Tashi Lhamo,5,love game bc travel place learn new thing game,1
NT TNT,5,beautiful game,1
Kris Sarte,5,kinda lol,1
Moh Irfan,5,love,1
Aryan,5,good story game mobile,1
Alex Hong,2,like game rate android version 2/5 refuse add controller support android year complicated movement mechanic environment character literal pain play game touch screen explore long combat event right thumb need tap screen ache short add controller support ez 5/5,0
Amit Das,5,good game,1
Hussain Afeef,1,game suck take age download file,0
Ameena Yasmeen,5,play game 3 year accomplish lot,1
Saeedi,5,love game good game play life,1
Saiful Anuar5929,5,well,1
shardul sharma,1,-200 star hour auroplay garbage dialogue playable content hell hydro arcon hell game,0
Ian Ling,5,fun,1
Stella,5,sooo good play stop,1
Chukwudi Ekene Obichukwu,5,time opinion game good thing see year ago play happy diversity game great adventure system combat worth download,1
Kangthir Ingti,5,number game sure,1
Ghost,5,game great recommend anybody like type game,1
Hemang Raj,5,game good pretty good storyline peaceful,1
Malik Saad Sultan Nissoana,2,game size big download 5 gb daily second time download datum download complete start download start,0
Christine Denise Mercado,5,amazing,1
marojjaichandra,5,great game tbh,1
Keron Lewis,5,genshin_impact love scenery calm heart wish phone handle graphic,1
Ariane Magbanua,4,time play game graphic amazing love place breathtake problem storyline skip suggest implement skip icon will boring,1
Victor Platon,1,game big big disappointment nice beginning boring slow text need read event lackluster story apart 2 chapter unintereste main character useless story forget devs feedback take year implement,0
S Raman,5,favorite game,1
Darrell Pang,5,cool,1
Anurag,5,realistic 3d game u play mobile time download game take apx-30 gb internet,1
Олеся Смекалова,5,мне очень нравится игра за открытый мир возможность исследовать и играть по мультиплееру просто хочется чтобы разрабы чаще прислушивались к игрокам,1
Navaneeth N,4,,1
Random Guy,1,shower,0
nirbhay bhosle,5,great game ton experience like game fun,1
ALSID Ced,5,,1
Ember Emberdosko,5,game super fun like bore,1
Sannqt,5,good,1
Kim Mero,5,good game,1
Mamta Mahato,5,play game 2 gb mobile,1
MUHAMMAD ZAMIR,3,love gamebut neee skipppppp option mute character tho tired tappping skip dialogue,1
harianto indra,5,beutiful beutiful,1
Avery Deletov (Ave),2,play game come find account exist long save datum,0
Mika,5,game perfectionnnn love itt pls wriothesley rerun,1
SABER,4,تنقسها فقط الترجمة لكافة اللغات,1
Ilzes Biretaites,5,take lot space worth good graphic cool character,1
Sugi Hachi Ishigami,3,okay game good detailed alot culture inspire place cool mechanism battle intreste way build character good thing character design m say bad story good unique start skin colour pale white tan understand design character hard game play diverse,1
Jubayer Hosen,5,game good,1
Millennium Pal,4,umm yeee,1
Hriday biswas,5,gooud,1
Yugi Amane,5,fun,1
athifannisa,3,update,1
Laureencia,5,bagussss,1
Jayjay Recabo,5,"game good u dowload mobile ps5,comuter loptop good like good time",1
अभिषेक सोंधिया,1,overall game perfect disgusting motorcycle gameplay come mavuika pyro archon motorcycle gameplay ugly thing genshin,0
Vibhav Kandala,1,pain game small review game good play 3 year genshin savior covid cherish feel like game good big reason play genshin character character genshin amazing way female compare male fear honkai impact situation need diversity,0
CYRUS J. LUSTRE,5,giod,1
Nitu Hasnu,5,nice gam,1
Muntazim Ansari,5,brilliant game,1
Sarina Masoumi,4,game great support persian language translator,1
Remu Danzan,5,stop give feel mihoyo hate,1
ARK JEUNE,5,nice game,1
Wryux,1,will increase star skip button come skip literally story include archon quest,0
ONLINE Ğamer,5,nice,1
Soughat Limbu,5,gg game fr,1
Astin Siu,5,mean cmon game unstoppable.you f2p free play player spend money amazing weapon character tcg cards.well pubg sorry,1
Kelly Dube,1,hate game take 6 7 hour 40,0
I A,1,game cheat spit face 12/25/24 game come long way play natlan think well fontaine story quest good character story add resin natlan kill game character design continue downgrade natlan story look unfinished like clearly overwritten grind cut scene skip mediocre scene unplayable,0
Britt Richins,5,game good,1
bon,2,game get boring natlan suck,0
Ayla Pisello,5,character design absolutely beautiful super enjoyable story,1
Omar NTZ1,1,like new direction game childish direction reduce male character focus female sim new male character disgusting new area childish feel like make area lot childish color mission repetitive boring game lose special charm distinguish beginning,0
Kent Martinez,5,free archon pls,1
Jesster Blissbell,1,game okay take 31 gigabyte storage way big,0
Radhi Esqandar,5,,1
P. w gamer,5,good,1
Mario Salles,2,game fun lack emotional attachment release 5th region come feel like turn cheap p2w game,0
irfanthaqif,4,well,1
Tommy Lor,1,plus stop make event mini game trash game alot gacha system make event game gacha make bad 2 new 5 star dumb money separate bunch high schooler make game wonder make kind game honestly game potential sadly dumb high scho- mean dev,0
Furina,5,need 20 + gb worth,1
Ghost of the fallen Valkyrie,1,sad peak fontaine- natlan honestly huge disappointment explo fine w/ saurian phlogiston deplete fast saurian awful control console powercreep get bad qol update build limited character reward effort ratio horrible lack diversity character horrible zzz n genshin blend lot unnecessarily long writing especially world quest,0
Pal,3,pls hoyo mavuika citlali chlorine patch 5 star u.,1
Daniel Haskins,4,love free star sing get free 4 star try single thing want requirement,1
Ridwan Ali,5,genshin good good game play thank play game,1
Gracie Ray,5,love detailed explore task minute moment play love 5 star,1
Irvin kurrt Miñano,5,love game especialy voice act character design beautiful graphic left miss emote like sleep sit dance wave,1
Miko Escobar,5,acknowledge community mihoyo,1
Anahera Lasko,5,amazing graphic good character good gameplay awesome,1
ekoan,5,game amazing,1
Anouk,5,<3,1
Mark Casebolt,5,amazing storyline,1
Vinny Deep Sabar,5,good open world game art style story mobile,1
Yuno Romaji,5,like story,1
Sai Aung ko ko,4,good,1
Britany Francis,1,game lag bad recommend download waste time take hour centritre finish download gunship impact need fix bug,0
Emu Otori!,4,nice open world people join co op steal material,1
Jennifer Melgar,5,love game love new nation puzzle fun recommend game like action finding treasure game,1
rayy,1,hate genshin!!!!2!1!1!!112!2,0
ROHIT KUMAR RAI,1,wor game bignner lose 50/50 nuvi bignner need gurreety pull bignner 2 account lose need fix quit sorry bye genshin good thing game community good player help bignner help bignner 1 star,0
Chin Chin,5,good,1
HELLO Msukwa,5,nice smooth relaxing,1
Kim Celestia,5,favorite game well love detail character animation love beauty nature love human center nature fact lot thing multiple personality,1
Harshal Gowarkar,5,nice,1
Santan Piyoo,5,ok game,1
Ashish Sharma,5,ek number game hai,1
lukman hafiz khairul nazar,5,hear game youtube decide play far good ping pretty high playable 10/10 game recommend,1
Arianna Guerrero,5,genshin fun entertaining type gacha game thing complain long take download recommend try play friend,1
Sarika Keni,5,good game,1
Mahnifrfr Top Eleven,5,great time play far know graphic good,1
Trisha Jane Bernardo,5,love lore,1
David,2,mechanic resin trash need wait artifact thing bad stardust shop plz well 5 wish month trash plz ganyu thx kokomi,0
Diana Nico,1,oversexual female character suppose kid game community creep weirdo,0
wadiii,5,game good update keep get well love love beautiful scenery background music quest amazing especially archon quest love easily level character weapon love play friend nice 1v1 battle hope add,1
Dragon Cat,5,good game,1
Mickey Majkic,1,unplayable character talk english va issue past patch acceptable billion dollar company,0
Jacklyn Njojip-Ngongang,5,love gameplay character,1
izas ahamed,2,win pity tough reward compare game like wuther wave,0
Young Johnny,1,genshin se aller ma se poe,0
Dartaficial,2,ago favorite game have flaw keep show bit improvement story wise new area fun explore case natlan come recently opinion get boring find care story exploration feel lacking character great design hope change future update nation,0
Ayush Kumar,5,people forget beautiful game truly,1
Pookiebear Dino,5,fun game play ur bore,1
Caitlynn Lapanne,5,play friend occupy,1
Colbert Sun,5,great,1
Faithdrian Lacruz,5,cool,1
Skye Graves,5,leave review ago new player update version love game character story event game wonderful animation clear voice crisp easy hear 100 hand amazing game play,1
ruby edwards,1,time try play render shadow like kick game ve try fix like resetinng brand new laptop delete game get lack storage 62 gb free try fix ve excited play,0
Kartick Das,5,nice epic adventure game,1
Thato,5,game variety detail worth space cause amazing quality download cause amazing good download game hear good review hope good ^_^;)(^-^;it amazing love love character design creative beautiful hope people cosplay cute,1
Aruto Chan01,5,likely,1
Stick Man,3,имба 88 игры занимает лазанья по скалам скалолазам советую,1
amy leug,1,star couse resist,0
• Yumiko •,1,gooner game,0
christine kfwong,1,bro wait 3 day alr load,0
FATEMEH,5,genshin impact good,1
Ayaan Mover,5,like game,1
Gojita,1,android need controller support excuse 4yr apple game console controller support wonder fan base deminishe,0
SWARATH RAM MAURYA,5,like game graphic story,1
SADRA20SS,1,farming primo hard,0
Surajh Surajh,5,pretty good,1
Post Chiper,5,fully understand game good,1
D. Dani,5,good game,1
Keshav Kaushik,4,good game spin like 50 time character zhongli,1
Kurumi,5,play year perfect exceptional,1
Isabel Lyonette,5,adore art style character ok will loud detailed,1
Gina Patrimonio,5,ᴠᴇʀʏ ɢʀᴇᴀᴛ ᴇxᴘᴇʀɪᴇɴᴄᴇ ɪ ɢᴏᴛ ᴍʏ ғᴀᴠᴏʀɪᴛᴇ ᴄʜᴀʀᴀᴄᴛᴇʀ ɪɴ ᴍʏ ʙᴇɢɪɴɴɪɴɢ ᴅᴀʏ ɪᴛ ᴡᴀs ғᴜɴ,1
kyaw kyaw,4,like game money,1
Zeina,5,nice,1
Claire Amaris Lozare,5,amazinggggggggg want primo plssssssss 2 new 5 star banner hoyo,1
Hamdan Abbasi,5,good,1
Blair Tanner,2,okay genshin player 3 2 yr decide play game sudden accs go reset single datum game,0
Me,5,fun addict quest try wish resalize 9:32pm,1
Oleksandr Shykunov,5,дуже прикольна гра гарний час з дітьми,1
Zia Duymun,5,love,1
kasab Sida,5,love storyline love character love open board game explore widely feel good play hurt part adventure,1
bardia amori,1,moe male chhhh,0
Odin Nxumalo,5,amazing game fun graphic wise 10/10,1
MahastyRayya Alfa,5,good love curious story,1
Lokesh Raju,5,great story gamee love,1
Amir1385,5,بازی عالی و بی نقصی,1
Mahde Golamy,5,good,1
Chibi Nemesis,5,suupaaatsu,1
Ashraful Amin,5,good game,1
Shinji,5,game cool suitable,1
Riya Saha,5,love game frfr,1
Jeremy Andrei Cayas,5,love game,1
Siba Biswas,4,nice game,1
Shabith Sahulhmeed,5,love,1
Rasyiqah Basirah,4,fun pls hoyo let cryo character,1
jasmine khatun,5,good game,1
Victor Molina,5,good game adventure anytime want meet new people journey problem say 266 mb download atleast 26kgb worth storage actually download game,1
amirul rohaimi,5,love game bcs storyline feel want play lot storyline thing like character map,1
Shelby Montgomery,5,beautiful huge game compatible pc,1
kurian Sunoj FF,5,good,1
María José Cruz,1,official art lumine option include,0
Karen Mesey,5,game cool,1
Mr Marz,1,genshin,0
Pema Yoezer,5,good game,1
Luan Herholdt,5,fun game recommend,1
Shivam Sharma,5,love game story character world build notch die heart fan anime play game like world wanna live,1
Anurag,1,mkc iss game ki,0
Sujan,5,love game beautiful world building addicted lol,1
Ryan Corpuz Doton,1,know everytime progress game sorry advance story get boring time progress game look fresh content look like game feed want yeah permanent quiting good option,0
Anwar,5,idk like,1
남정용,5,리얼 갓겜ㅁ,1
Arriadne Delvallé,5,sooo good hndsm character,1
Sufiyan Sufiyan9,5,good game mobile user,1
Portugese Maximilian Patrick Tan,3,game fun play restart fix download system slow,1
Ramirez Kids,1,play game leave 1 star review anime find entertaining hate anime watch seriously watch anime,0
Jason voorhees,5,proud traveler,1
sutheen fantasy,1,add skip button take single quest thank response pls add skip button quest story cos delete game multiple time,0
stilio,1,poop,0
Aseng gnesa,4,start month honestly real difficult pull game pretty enjoyable,1
pradyut nath,3,good ping issue keep reconnecte,1
Jomer Pineda,4,great game tbh currently play ps4 adventure rank 55 close reach 56 suggestion guy hoyoverse think make skip dialog hate break mash x controller try mobile skip dialog wish version 5.3 hoyoverse guy skip dialog thank s,1
Sara,2,get boring fast wanna 5 different people know waste time add skip button people care lore like 7 + story,0
Mark Glen Marzo,3,android controller support,1
Sept,4,despite anniversary bad thing game actually fun play good hey believe game improve,1
Glennox Gin,5,nice nice,1
Maria Santos,5,good game,1
Azlynn,1,love genshin impact phone use cloud version laptop instal hope play game pesky time limit finally past loading verification play past door screen say headphone recommend archon/ elemental symbol geo close game restart computer reinstall game time unfortunate,0
Moron GoaT,1,endgame content plz,0
Yellowwwool •,1,start play month release play regularly use find genshin impact enjoyable recently find increasingly difficult continue play absolute refusal listen suggestion recommendation impact game negatively fanservice heavily lay completely destroy amazing plotline upsetting game potential reduce fanservice repetitive design,0
Alayna Pak,4,wriothesley rerun capitano playable player probably go to review bomb app app store 1st anniversary,1
Stelly,5,yooo update go nice feature like free star 20 pull genshin improve definitely recommend return leave,1
Renca :33,5,loveeee genshin,1
Bakhtawar Malik,5,well well good unfortunately jot space delete super super saddle love game super interesting cool,1
Lazuardi Alghifari,4,year play game good game overall gameplay need rework tho add parry dodge swift dodge good,1
Adelyn Z,1,citlali literally fan service bring 5.1 citlali cry thank,0
Matsumura,5,game time away enjoy 10/10,1
Plepi - Senoi,1,good game hard play,0
Priyanshu Kansana,5,nice story graphic like real world,1
Nana Nidel,5,genshin impact ia truly good experience ☆ love character unique ♡ ♡ ♡,1
fanny fanny,1,plz increase rng commision rate need 100 achievement inazuma 5 month commission,0
Ninna Bernardino,5,play november 2020 1.1 remember mihoyo lol love game thank people hyv offer amazing game play design music lore continue play game edit december 25 2024 merry christmas gi devs long hiatus come play great headstart 2025,1
Jillian Tingle,5,love game amazing detailed,1
L,1,game turn disgusting hentai bait,0
Anime Kingdom,5,awsome,1
Akila Echo,5,genshinnnnnn,1
Aryan,5,adorable game,1
Sidharth,5,pretty good,1
Sheikh Mutasim,5,good game graphic awesome.its open world mission upgrade character thing game.i recommend download mobile phone pc enjoy,1
Spondon Hajong,5,great beautiful game,1
Md Salauddin,5,nice game,1
Jade Remigio,4,hey hoyo hope add trading system example want dehya get jean instead trade dehya jean consider request,1
Ja Ju,5,thing u,1
aditi bhardwaj,4,game peak awesome graphic battle mini adventure game cool idk game ask download update time like play peacefully literally take 4 5 hour download new update kind annoying like game,1
Gautama Arya wijaya,5,,1
Lucienne Dimitrou,5,wow,1
Cemo,4,genshin impact beautiful game love play everyday problem genshin impact accept controller keyboard samsung mobile device want play controller far know base research accept controller keyboard apple device available samsung device,1
Vaibhav Singh,1,gacha rig attach game play story force spend money course force spend time improve gacha system lower profit abuse player,0
Emmanuel,5,good game download far,1
Chloe Sparkle,5,genshin impact fun adventure social combat game like character interaction,1
Harayer Khalid,5,idk love,1
Bharti Sharma,5,game fabulous beautiful~,1
Crazy ff Gamer,5,good game,1
Yin Hakusho,5,like game play cloud wish phone compatible genshin log wait game time,1
Biraj Budhathoki,5,awesome graphic adventure fun play,1
Riki Sandi,1,game improve,0
Dolores Niembra,5,game good,1
Megami Aich,1,devs release update proper optimisation game get laggy glitchy play june 2021 want smooth gameplay new natlan map hard track make gameplay feel difficult confusing,0
Wandering Chef,1,fairy pimon completely make game unenjoyable ve download time quickly uninstall soon realize mute remember time suffer tutorial hope away permanent companion terrible game,0
Anuya Stephanie,1,download game high expectation have fun tecno pop 9 loading time take long pls change maybe consider download,0
Rosy Posy,5,hate game,1
Narayan Choudhary,5,god game,1
MOTHRAX 2021 YT,5,wish free obtain game free,1
Bhuvan Keerthi,5,wonderful,1
Peter Fitzgerald,5,fun game play,1
Saikat Biswas,4,give 4 star love game play day imaginarium theatre utterly hot garbage give 1 star love game aspect,1
John paul Arong,5,cool,1
BTS_ARMY_PARVIN,1,bring tall male start,0
Irene,1,bring tall male 5 star,0
Samir Hosseini,5,good,1
Rondina Joel G Jr,5,good game awesome hehe,1
Idk Dan Idc,5,hard primo event,1
junior yahya,5,amazing,1
Khair Rahimi,5,game ini sangat menarik dan menyeronokkan,1
Nandu Msc,5,amazing isekai game mobile,1
Saidi Hadj mohamed,5,game amazing,1
Carl Anne Chloe Alberto,5,nice wonderful game,1
DHEERAJ SINGH,5,,1
David Rose,5,beautiful game,1
Dev Gosavi,5,good game everytime like game story impressive,1
daves reyes,5,good,1
اسيل الكيلاني,5,جميله بشكل رهيب,1
Gaming Account,1,★ dark texture natlan environment ★ help problem drop natlan environment especially land black device poco x6 pro 5 g w/ 12/512 variant try set graphic default clear cache reinstall game nothing happened get black land natlan,0
Nattasha lala,5,1 star untill buff love dehya come love weak 4 star character,1
Steph Ocampo,3,you stingy af,1
Noel Jade,2,wish option lower environment detail device extremely weak graphic setting low option game demanding example lot non interactable flower render 3d nice low setting render flat option turn footprint sand trail option lower particle,0
Real Builders,5,love game fun story enjoyable ask play online,1
sanchit shivam,5,bit grindy take lot storage good game,1
JONATHAN JOESTAR JOJO'S,1,play suck 000000000000000,0
Braylon,5,love,1
Deuel Garcia,5,game great graphic awesome storyline cool,1
Roki Roki ahmad,1,wanna scure account change password give 60 second verifilycation send code email 5 minute,0
Reny S A,5,good anime style adventure game work fairly redmi 13c low setting,1
Anastasia Yelenko,2,дорогие разработчики игр михойо(хойолаб на носу 2025 год а в игре геншин импакт на андроиде так же не присутствует возможность играть через геймпад но это возможно на айфонах прошу вас разработчики исправьте это в следующем обновлении ибо так интерес пропадает мы хотим равность наших моделей телефонов андроид телефоны это такие же как и айфоны а их пользователи это те самые люди я уверен что многие пишут вам об этом не разочаровуйте фанатов игры и добавьте режим контроллера,0
Elysia,5,good game honestly like vibe especially mysterious unsettling fairy tale vibe love vibe vibe fantasy fairy tale love feel like home like adventure game perfect aesthetic love difference place story line character etc way perfect,1
Areeff Jazmeen,5,furina thrust,1
هاتف زمانی,5,good game,1
KIRUA ZOLDICK,1,recommend,0
Monowar,5,ultimate game see mobile,1
Star Shin,5,word,1
Muhammad Izz Hafiy,5,well,1
София Ларичкина,5,я предлагаю добавить в игру обмен камней истока на на кристаллы сотворение пожалуйста а так она хорошая а с этим будет лучше,1
Edrian Ignacio,1,restrictive abby ll need 72x elemental hit break shield,0
Tama ya,5,gak bisa komentar apa apa intinya permainannya seru bagus,1
Dmitry Razumov,1,genshin embodiment boredom current gameplay game sort mode constantly put deadline activity add toxic fomo reward game turn hell routine reason new character sit bench age wait normal good equipment enjoy exploration anymore chill activity turn tedious task problematic backtracking note run,0
The Captain,5,nice game,1
Genesis Garcia,5,like game graphic stunning maximum storage high 256 gb storage phone quest amazing give 5 star good game,1
Yelan Uwu,2,female character get boring day day,0
Riva Kristina Vergara,4,emough male boring,1
Robbie Jules Benedito,4,play game age thing natlan hype people like character design character op lastly delete game good pretty fun experience lack content type player usually log commission event unlike past new game play 4 6hrs day maybe study wait 5.3 archon quest,1
CortezJr08 (M3XIC4N08),5,game amazing love character storyline definitely recommend play shot,1
Raja Sekar,5,good,1
Monico Santos,4,great game come great storage,1
Azura Rosdi,5,nice game,1
Croissant,5,,1
Revin Hebisch,5,beautiful world great character breath taking landscape love breath wild improvement awesome hour voice act funny high value combat easy pick hard master depth character enhance system immense treasure game,1
Chackle Lantern,4,fun time long time screen shot show app store actually fairly accurate,1
Slimshady Eminem,5,fun,1
Jacob Trono,5,5 star game bless 4 5*s start game,1
amana khan,5,cool,1
Ruly 25,5,w game c2 qiqi,1
Bradley Lawson,5,great gameplay great lore great,1
LiLa Lefebre,5,good,1
おちゃもち,2,natlan hate turn citlali simploli citloli mind citlali literally drunk archon quest call granny itzli mahuikas design genuinely feel ot place marking capitano fight not see pale natlan design genuinely feel place consider technology like motorcycle teyvat natlan 100 rewrite second fear,0
Shane Reidy,1,appear incompatable device chromebook crash,0
aaa,3,developer listen community vidyadhara life cycle,1
Syahif Alhadi,5,add gamepad support android,1
Zedrick Delgado,1,download,0
mathlouthi raslen,5,like game,1
skibidi muncher,1,mid,0
Jhorey Torrevillas,5,like game big map good graphic problem storage large phone handle laggy idk continue play game,1
Sucrose,3,game ok big game take load hard f2p player currency game game beautiful interesting deep plot wish little easy male character black character add diversity,1
Spiderbrox,5,game good game join month official release december memorable journey trailer cut scene improve alot character limited f2p option hope easy old player try extra mora exp book increase resine help alot bit increase maybe 300 amazing storyline gameplay no.1 game phone,1
mamad mehraban,5,عاح,1
Nathalie Elyse,5,game funnn kyaaahhhhh come teenager struggle boredness thank friend kayla help download game graphic amazing easy gameplay lot exploration,1
TOP SECRET,5,cool story,1
Demi Agius,5,love genshin impact good game,1
Pheathon Gaming,2,add controller support genshin mobile,0
Abier Mubarak,5,lag good experience love perfect well roblox,1
Aditya Khatal,5,good game give vibe palworld,1
Mason,5,play enjoy extremely f2p find incredibly easy 5 ☆ character want enjoy gameplay 4 ☆ character possess enjoy graphic story character design problem obvious tilt female character find male character enjoyable ignore small issue,1
Nifemi Odetomi,5,amazing game try,1
Kamal Mohyadiin,5,great,1
Zain Peters,1,try download resource guess 78 stop say storage phone good storage fill rage tell close playing,0
Tana K,1,bad reason pro graphic con gacha reward bore dialogue repetative exploration limit time event cliche story boring thing limited time reward grind replayability frequent update resin start play game map expansion less 5.0 patch,0
David White,5,love genshin open world play game quest voice over favorite character jean anemo character good healer squad long download update worth u co cop bye thank u read,1
SOUMYADEEP MOULICK,1,boring storyline go downhill inazuma storyline,0
Emma Villar,5,love fun,1
King Sef,3,quit game game fail deliver good story regions(fontaine natlan mechanic completely outdate,1
Itz RRgamers,1,wanna skip buttoooooooonnnnnn,0
nani nani,5,good game play entire life,1
Faith joseph,5,enjoy game,1
Myself,5,love collect character like,1
Misha cool,4,good,1
Rizwan Sami,5,zardari nawaz sharif shahbaz sharif,1
Jordan Zavala Lopez,3,dejen de censurarnos,1
Army Otaku,5,wow,1
Thyvender Ranggau,5,perfect,1
ʜʏᴘᴇʀ ɴᴏᴠᴀ,1,money,0
Andrea Joyce,3,good game play enjoy lot keep badtime,1
RRthehero Gaming,3,reward low need game content need tcg,1
nashnijie ancheta,5,love game,1
Earl Vincent Gorospe (Eærlv),3,hold great admiration game storyline earn perfect 10/10 pc rate star mobile dear mihoyo implement render distance option spare low end device torment unbearable lag,1
Omar Guerrero,1,bad game play,0
Haruna Abubakar Yaro,5,good game mean game play graphic sooo cool game 1000000 10,1
Connor,4,thoroughly enjoy game far option skip dialogue,1
Happy Raj,1,natlam update ruin game,0
Watermelon.,5,thank bless masterpiece forever indebted,1
Daaniya Rehman,5,good game omgggggg,1
Aviral Pandey,5,good game play,1
Markim Samante,5,good low device,1
Mehul Mandal,5,good game,1
"DELOS REYES, LORENZ",5,anime lover like game,1
Lebron Saligumba,5,good,1
Phiaksah A Sanoh,1,hot blooded short temper person play like read god damn poem spend hour archon quest 40 60 primogem skip button long chit chat get long update,0
paramjeet singh,5,play game couple day fall love graphic story,1
Rylle Klee,1,overall good game fontaine region mc feel improvement 4 year thank competition graphic improve high perform mobile phone iphone stingy vain pay game currency cover stamina resin task expensive casual player story wise lack lot focus sexualise female character,0
tejas parulekar,5,,1
シKiwi,1,groomer game,0
Roshan Rai,5,,1
Prabha Swaru,5,dreamy magical adventure game,1
ASTRO MAN Gaming,5,good game try,1
Ah Jong,3,pls let win 50 50,1
Krishail Lumbag,3,game fun enjoyable hate storyline npc long feel bored have read listen excite yeah storyline long,1
shiiru shiki,1,well change barbie impact dawei beaches well respect female player need male character dammit god hope game lose lot player year,0
Muhammad Danial,5,great game,1
Camille Joyce Taneo,5,cute take long download resource,1
Nick,5,pretty good game improve gliding mechanism combat little stylish repetitive easy climb adventurer rank overall pretty good game recommend play,1
Kalp Patel,5,superb,1
Harsh793XD,1,add button skip story interested story waste time interested click button,0
danielle,1,citlali,0
Shreyash Togarwad,5,good 3d game play animation story fantastic,1
Izz qawiem muhammad,5,far fantastic course lot storage like 30 gb,1
Sandeep Kanojia,5,good game play smartphone,1
Soslanders Orange,1,play game,0
Tezin Tho,5,character awesome,1
OSSMBOY,4,play 3 year love day exciting devs make game casual hardcore try new game tof wuwa know genshin shine brighter game know devs lazy game well player go to play spend matter huge problem game charm create 2 game hope devs listen player,1
Leta King,1,like game start feel like chore quest long get boring fast love game add skip button wish listen player base bit stop turn waifu simulator people like,0
jae jae,5,yes 5 star get zhongli pull 5 star weapon fit zhongli 11 pull luck break,1
Miki,5,beautiful game think beautiful music,1
Itz Taki (Farhxn),5,plz update play friend,1
Xx_. (Z),5,good game overall community horrible care long play game peace,1
_BL.ADDICT_,5,masterpiece worth gb take phone hesitant play game take lot space bring abandon play game week play 14th september 2024 stop play day,1
Christopher Mangubat,1,bro sumeru suck puzzle nation,0
Tarun Giri,5,good game,1
Bikram Kc chhetri,5,it.the.best.game,1
DEBARGHA RAJBANSHI,5,open world beautiful graphic story,1
Kendra Mun,5,fun play,1
Lalramthazuali,5,funnn favorite character furina,1
Az Ka,5,good,1
Yokaream,5,excellent game nephew tell,1
Rochelle Sabagkit,5,fun game enjoyed play friend family people start boycott new game release far favorite play game time,1
Becky Freen,5,good,1
Arsalaan LaFleur,1,controller support android go 2025 game deserve low rating,0
selina w,3,beautiful addictive game past like 2 story arc reward significantly drop game grindy friendly casual f2ps character progression artifact system extremely grindy problem gameplay actually fun stick replay battle domain month boost character stat like 1 percent grindiness game offput play longterm,1
Pepe Rivas,5,beautiful beautiful amazing graphic storyline general good 10/10,1
Rudy,5,good reason update version 5.3 stick version 5.2 fun btw find lìyue,1
Zaiphe Day,5,great game,1
Damian De La Rosa (Poco),1,add skip button,0
Rain Eldrin,5,nahhh cool,1
Rachael Anderson,1,worth play game take way long download well game similar genshin ridiculously long time download,0
Christine Latoraco (Chris),3,great new phone transfer app account spend alot transfer start new,1
Péter Vazinay,2,play well gacha game instead like hsr limbus,0
Tajbiul Azim (Pika),5,thank amazing game,1
Jhaymark Ordonio,5,guddd,1
Tommy Fernandes,5,good game lose streak mobile legend,1
Dark Death,1,genshin close fully load,0
Desthuip,5,amazing game play ton character collect play f2p rewarding lore actually good fav game play free time definitely try,1
Steven Shan,5,super like game script view.that fantastic,1
Narh Alexander,5,take 10 hour load wait long,1
Talyx,1,game set base standard gacha mix mmo single player game nice co op sadly lie company greed importantly comfortable place ruin game hoyo lose credibility trust player want good hoyo game play honkai star rail suggest stay away hoyoverse play wuthere wave instead,0
Sage Fischer,1,cringe,0
Duck_Blox,2,old account game connect gmail long ago un instal game free space phone get bored download try log gmail connect old account hope work fix not wanna restart storyline,0
iman iskandar,5,nice game,1
Kalin Lawrence,5,regardless say bet citlali mavuika,1
It'z Sayan,4,riyal,1
Ray Forres,4,good open world game look good,1
Little,5,fun,1
Kyuu 9,1,play patch 1.6 release 5.x go misandry waifu heck like male character reason honkai star rail tear themis male character hoyo game love&deep space want male female character substance r34 bait want equality 1 5 star male 2024 wriothesley rerun waifu release incel bs,0
rollex60,5,bomb jogo,1
Jr Nofchissey2012,1,agree update long time load,0
Grace Abby,5,"genshin impact awesome tired play game home work, pretty cool continue play level character",1
Guse 0,2,game alright pre registered kind leave account sit time able stock game currency easy sense feel like game simple grind barely 3 character hear start game opening delve game make difficult obtain want okay okay,0
Boutros Ogalo Amun RA,5,gp irst play game playstore sad se possible select different shade people,1
Angelita,5,love good exploration character world love quest story deserve 5 star,1
Louwe Jucar,3,honesty game good reward get well,1
Jaylxn,1,fan service citlati actually insane love game female character sexualize fan angel loose wing suppose literal granny little tsundere enjoyable personality like faruzan especially scene lumine aether excessive blushing aether seriously well genshin,0
Eduardo Josue,5,9/10 natlan need voice fully smh,1
23_0385_ifandi_prima _ananda,2,spend 2 hour quest 30 primogem rewarding anymore,0
مـهـد,5,العبة جميلة وفيها اشياء مختلفة لاكن تنقصها اللغة العربية,1
Melissa Howard,4,fun crash start freeze great,1
Yong Joon,5,good awesome,1
Fallen Diaz,5,good general tbh,1
Thee_hdd,1,laggy run slowly like crash phone enter,0
Addy Tzy,1,susah sangat nak bunuh enemy di natlan masa 1 minit suruh lawan 8 org bodoh punya quest babi sial,0
dianna,1,ruin citlali,0
Aniket Mondal,5,game grind enjoy story everytime progress need option setting mouse touch look control smooth like controller current control jitter mouse touch slowly look run learn zzz view smooth english voice miss place lip sync wrong scene english voice,1
AAA Alere James Mcfort B.,2,man,0
Steve White,5,awesome,1
Kulveer S,5,enjoy,1
Hisoka Morow,1,hard pitty m f2p player btw m sorry poor,0
Shaina,5,love love game,1
FF Indonesia,5,game awesome love game,1
Winnie Baldwin,1,try play literally take forever download play game download take lot storage,0
Emmanuel Fatoba,5,pretty good,1
L I G H T,1,company way cheap gift consider successful game great income,0
Anna Lobo,4,play game everyday love text hate irrelevant text,1
Efi,5,fun game love character animation good 33,1
Alex Mwangi,5,fun download,1
Hunny Goswami,5,like game graphic animation,1
lizzyTab,5,good,1
Khuthadzo Netshi,5,love dearly,1
Nabila Billa,3,love game game start lag,1
Sarib Ansari,5,good adventure game,1
Aqeef Aqlan,5,good game,1
Zarul poco,5,cool graphic,1
Master Gaming,5,buddha bless,1
Naruto Uzumaki,5,kapan android dapat controller mode seperti io udah 4 tahun saya main dan saya menanti controller mode seperti zzz dan hsr,1
meow,4,good game fan service barely poc land s represent poc,1
Ben Lev,5,f2p come game play launch satisfying experience content explore straight away lot character add contribute deck card game add archon world story quest write ton content explore end play phone console home,1
Stacy Cupcake,3,love need alot storage literally delete alot game clear mean pretty game love character design lore story art music 10 amazing game need alot space,1
Shoaib Ali,5,nice game,1
Erika Rich Ventura,3,love grapic gameplay lore character designnnn you redo citali design granny old highschool look gorl crush aether,1
give me IL pls,5,love luck,1
OM CHAUDHARY,5,great game graphic good mobile blast,1
Urchy Idica,5,year ago play phone computer play phone,1
Lourde Ezekiel,4,cool game love explore adventure game 4/5 start cus hate slow character talk,1
Kirishu Raj,3,game graphic well game,1
INK WASFOUND,5,:3 silly game enjoy,1
Vanshika Rajdev,5,heavy rpg game like element,1
Donny Rahman,1,developer tolol blunder parah story natlan gajela gaguna babi hapus aja gamenya bisu impek,0
JC Banton,1,love game fact bad design diversity personality character honestly pain physically mentally example citlali have crush aether honestly weird thing plain loli bait suppose granny big eye plushie pillow feel like person 5.1,0
Ирина Гальд,1,патамушта,0
Nurul Afiqah Sharuddin,5,know adventure game love story character style story amazing,1
Chander,5,good game world,1
Omar Aljalali,5,amazing,1
Samothrace,1,change review 4 year later game go direction suit collect male character bc see pretty art twitter be release anymore male character,0
Nitin shekhawat,5,play game like life oh,1
Unknown n,1,improvement,0
rahman mohd,5,nice good graphic nice storyline gameplay chill toxic lag beautiful game,1
Fito S,4,actually bug natlan tonatiuh quiver quest search burn stone pet not s way solve problem,1
Sharul,5,bole la,1
Yogendra Tiwari,5,way good expect,1
Let Log,2,game great experience playing pretty painful mainly stem exploration skip button exploration cause climb high cliff reach occulus way air painful solution devs incorporate character incentivise pull character hate devs essencially lock small qol paywall second skip button cuz time spare,0
Jaries Canayon,2,non fanservice citlali 5.3 well peak forget fanservice,0
Sibelle Harb,5,awesome,1
Lili,1,play genshin 2021 love game recently genshin keep disappointing male character year get 4 male character 3 4 kinich 5 unfair female player want male character kinich ororon capitano cast aside archon quest literally feel like bare minimum natlan pretty disappointing well,0
Nur Rashidah,5,good game,1
Gopal Dss,5,pretty good game,1
Rain Clouds,1,game complete trash liu wei gooner take management(the guy say man 30 love 16 18yr old teen girl refuse da wei nickname mean big wei know overcompensate far big direction genshin impact go past year take mindless fanservicing depraved incel,0
M K,1,play genshin release enjoy aspect game appreciate male character find recent direction game extremely disappointing feel like content character release heavily focused cater waifu fan leave enjoy male character few option clear developer respond specific audience shift feel alienated long time player,0
Thedump Guy,5,comment absolutely amazing game,1
Nikesh Vishwakarma,3,start play time,1
Tim Justine Ingco,4,love game fix graphic glitch phone m oppo a94 glitche dvalin signora boss not dmg text ice grass pls fix game device d rate 5 star fix play game,1
Raine Ashley Vidamo,5,good game people like freeplay games!the lore good intreste charater good comunity rude weird definetly recomende,1
Elliot Anderson,3,love game year seriously happen natlan male character region 5 star male character happen,1
Kuber Agarwal,5,great game,1
blackcloverongoing 10,5,great,1
Yomiko Alejandrino,5,honestly like botw mechanic like climb gliding stamina well botw big multiplayer mechanic botw wish game size big like 30 gb add skip dialogue feature dialogue aside pretty good like story 10/10,1
Faris Danish,5,perfection,1
FamilyAsfa Asfa,5,game good,1
Acumalaka,1,aku mau neuvilete bukan mau diluc mihoyo jembut,0
AKM 04,1,1 new character extremely powerful old one feel old character useless 2 poor balancing meta keep change quick 3 game extremely repetitive end game 4 eventhough resin increase 200 not need reserve resin system like honkai star rail extremely hard catchup come play long time 5 earn primo pain easy way bad hsr,0
Ayesha Plaba,2,errmm great n fontaine peak new nation natlan not great specifically characacter design citlali good design hate 5.3 attitude like 5.1 citlali lore good reward great,0
MoonMoon,2,dear developer face problem month download new version update ask additional 6 gb download start split old resource lag 39 continue close game reopen find ask 6 gb note 6 gb main update package storage month fix,0
Lanlan Zhao,5,game amazing opinion lag play problem sure lot gb leave storage play game,1
B.,1,play 2022 genuinely like game character exploration music incredible patch hoyo mess lack diversification african latino inspire culture bad nonsensical design lack male char infantilization wise chief know granny come issue believe game worsen sad,0
Dennis del Rosario,1,play game year daily account secure avoid multi player able login week play game fun want deny able login play disqualify game play list come skirk drop hoyo deny daily grind uninstall,0
Jake Ramos,1,abby hard f2p >:(,0
Gagan . Sonekar,5,good,1
Ryu Koki,1,weapon banner exclusive limited character banner 1/1 banner scam want pull weapon not limited time,0
Acong Acong,5,nice game,1
Hamid Uddin,5,exciting game,1
Jejomar Pedraza,1,rate negative 5 star natlan flop scrap xbalanque waste capitano sake generic waifus 6 month 2 male useless 4star male 5star entirety 5.x patch make 1 male 5star 1 year 2 assume 2025 5 star male hate know male demand refuse slight effort waste 4 year uninstalle,0
Davin Nicholas 'pleaze',5,good,1
Dorian Grey,5,play like legit game actually huge clear win win situation,1
Rence Capili,5,exceptional,1
Asia Garcia,5,good,1
MANKIRAT SINGH,5,well good,1
Rio Pascua,1,disappointing feel baited betray 4 year,0
Yash Dhane,5,super,1
A. Joestar,1,gooner bait game especially natlan well,0
ANIME FAN,5,favourite game size game high 28 gb,1
Mohamed Fasil,4,game graphic design good doubt crypto coin game,1
Mohamed Nawas,1,lot talk little action quest dialogue skippable like wuwa atleast world quest lot useless gibberesh paimon irritate voice,0
Preston Calvitt,5,love game gotcha game,1
Devansh Aagri,5,experience like watch anime,1
samoul chum,5,love,1
Kylan B,5,dope,1
Ataeru “Zack” Zetsuketa,5,course like,1
Ashrafi Akter,5,fun story tell extremely good gameplay,1
Marcos Mendoza,5,time play game feel like super fun funny cute time thank wonderful game game well cloud clout genshin impact hope enjoy game version way well zero complaint small character look adorable,1
Anuj Minj,4,play,1
Sokka,4,play pc download leave review absolutely brilliant dread puzzle download comfortable pull yt guide,1
Eva Rijos,5,5 star,1
Leonardo Sevilla,5,nice experience good,1
Georgette Ejanda,4,plsss update venti,1
Luu Jack,5,love use play beautiful effect amazing,1
Carla Marie Madrigal,5,fun,1
Chingkhei Luwang,5,perfect perfect,1
ปราง,1,เศวสยากมาก ยังแจกน้อยอีก ฟาม 1 ชม. เพิ่งได้แค่ 1 โรล,0
João Lucas,5,muito bom mas é muito mb,1
Ahmad Nazhief,3,quit bad luck strike,1
Angela Cruz,5,play genshin year think tired genshin community fun recommend honest game gambling addiction game lol love xiao,1
Jedidiah Apolonio,2,hate game turn fun base fantasy world release natlan turn modern start female design citlali suppose grandma hell act like teenager crush aether listen player complaint game try change design game suppose fantasy game modern,0
Natilie Mcqueen,1,wait literally 2 hour download resource take long wanna game like 1 star well,0
John Edross Simon,5,sweet character nice play style cool graphic smth ^_^,1
xxxtentacion 17,5,good mobile adventure game goat,1
James Parker,5,fun explore,1
Bayu Black,1,female character,0
Steven Baldwin,5,honestly spend way time game ve 5 star well love,1
Daniela Zambrank,5,el mejor juego,1
Star Peep,1,agree review comment waifu game suspicion change story post fontaine,0
finky ishere,1,huh,0
Cayden Davis,5,fun story,1
Andrew,3,think okay open app take long,1
Josie Ferguson-Hughes,4,absolute gorgeous game emphasis gorgeous graphic mobile phenomenal exploration quest line lore character design etc probably good thing see downside primogem struggle obtain wish domain quest multiple time row primogem probably 50 gem 20 30 multiple time row adore game,1
livefiji,1,take long download,0
Trini Wini,1,terrible male female ratio,0
Mercury,5,,1
Joselin Victoria,1,el juego esta bien pero gusto cuando sali y volvi entrar porque dice error de conexion la cual verifique y en otros juego jugue sin problemas solucionen eso porfavor,0
ZG gaming,5,like game,1
Paul Silaghi,4,beautiful game character graphic story animation m go to 4 star instead 5 50 50 lose,1
qoffii,1,racism,0
Liliana Guzmán,4,let android user connect controller phone play well,1
Mahan Mahmoudi,5,datum haz game mobile,1
Olivia Gray,5,love game admit take alot space trouble lag loading play phone recommend play gaming console art style animation beautiful look like take alot time effort story quest fun find fun try work hard character rewarding sure lyre play sound pretty,1
Kate Johnson,4,mission fun update forever character awsome problem lag ad,1
Liven Kaloy,5,great gamplay,1
Hitesh Vaghela,5,nice storytellin awesome game,1
Matilda Maroufi,5,love graphic character lore amazing play character fight lore absolutely amazing want game good backstory lore genshin impact,1
Millie Hemming,5,find good edit youtube great ve delete app m n9 t m able it!?please fix this!!edit able enjoy highly recommend,1
Lucky ali,5,game nice game,1
Badhon FF,5,good game,1
lilisoul,5,game repeat game fan great way different attractive character perfect good strong graphic fan ganshin impact,1
Ana Maria,2,meh okay play new natlan update honest feel like get boring cater creep male character cover female character dress literal bikinis honestly disappointing mention lack diversity skin color downgrade character design intriguing captivate hope take turn well follow zzz path,0
se xy,1,update repetitive boring make feel m game,0
Kuriyama Novel,1,trash,0
Jazzie B,5,good game,1
Alex Ivanof,1,play genshin version 1.6 love fact new male 5 star get release entire year 2024 ridiculous feel like natlan release male character push try shove hot woman face possible new aq come weird feel like real people miss genshin care story character stop play,0
Tamim Man,1,game fully haram religious activist delete game,0
